Id,SalePrice
13.224069039581291,119463.03442997226
13.226109219740668,158058.50364761727
13.228148214903696,187054.27713321729
13.23018602656737,195944.50751886368
13.232222656225794,186657.09105649032
13.234258105370136,172319.5439862231
13.23629237548869,177512.41991048295
13.238325468066865,163856.01431826595
13.240357384587167,181906.22088394803
13.242388126529248,121828.53221887043
13.24441769536988,200957.64599624355
13.24644609258299,95044.6526977719
13.248473319639649,94074.73414516357
13.25049937800808,149044.70608751845
13.252524269153676,110557.33990170991
13.254547994539,379264.14843596314
13.256570555623783,244442.70724292056
13.258591953864961,288565.82378978346
13.26061219071665,288039.55857167696
13.26263126763017,512355.1174255182
13.26464918605405,314178.6204851499
13.266665947434037,203819.57352404442
13.268681553213087,178456.89968292764
13.270696004831407,165317.62366218213
13.272709303726419,180523.3506501367
13.274721451332805,195983.6052904199
13.27673244908249,327540.5068904539
13.27874229840466,231260.37398020187
13.280751000725765,191771.88257512392
13.28275855746953,230418.11496332567
13.284764970056953,192858.24142802117
13.286770239906332,90690.86915481705
13.288774368433236,179110.08616412105
13.290777357050557,286527.85221175983
13.292779207168477,282756.1243030355
13.294779920194513,235786.4519549803
13.296779497533473,183590.5121944303
13.298777940587525,160503.93108760632
13.30077525075615,159363.879594204
13.302771429436175,155537.4024949683
13.30476647802179,173993.9738058259
13.306760397904513,139796.91825161548
13.308753190473253,293515.930404322
13.310744857114265,239015.91798367052
13.312735399211196,222165.51374036467
13.314724818145063,185379.00685812117
13.31671311529428,247306.28072968137
13.318700292034656,196350.8870599112
13.320686349739397,160304.17649880302
13.322671289779127,144748.74805426464
13.324655113521871,148582.42699007306
13.326637822333092,175258.82059323718
13.328619417575672,142971.79224855138
13.330599900609927,153294.55616656985
13.33257927279363,197949.617286692
13.334557535481979,153203.93236272293
13.33653469002764,162358.25788838384
13.338510737780748,129153.31274244591
13.340485680088888,219528.03935203727
13.342459518297124,131520.09588091352
13.344432253748009,134424.8949799397
13.346403887781573,173881.2732434445
13.348374421735345,109197.22269591
13.350343856944352,125016.33403721725
13.35231219474113,120262.20167293018
13.354279436455716,109472.28224581445
13.356245583415678,97094.02792763982
13.358210636946097,132942.47750431247
13.360174598369603,148789.55010966538
13.362137469006337,176257.0073976411
13.364099250174005,105338.78405092299
13.366059943187851,98761.61243771692
13.368019549360682,149247.22252477138
13.369978070002855,125111.02739796008
13.371935506422313,154158.94226041468
13.373891859924555,108783.15872328992
13.375847131812664,57699.6262859805
13.377801323387324,151692.22029283352
13.379754435946785,198313.99469860832
13.381706470786918,94361.50600029371
13.383657429201186,146446.08005277408
13.385607312480666,143652.93097817572
13.38755612191405,205002.5265455015
13.389503858787654,77667.26424952538
13.391450524385412,108942.32108239522
13.393396119988909,131375.66617889618
13.39534064687736,138949.15484880737
13.397284106327616,137474.6810214177
13.399226499614198,111429.63386793486
13.401167828009276,136301.96455411904
13.403108092782675,110071.21388296549
13.405047295201893,137889.13144725253
13.406985436532127,150078.28889295485
13.408922518036206,112456.39146128134
13.410858540974692,168435.88088992087
13.41279350660581,81608.6483165577
13.41472741618549,104255.06659953883
13.416660270967371,93559.24044412254
13.418592072202795,77384.97933806553
13.420522821140821,134317.53226221816
13.422452519028221,129771.20538750834
13.424381167109505,126143.96056304204
13.426308766626907,120530.90144121862
13.428235318820398,164876.09753680066
13.430160824927695,146751.73050497158
13.43208528618426,240449.11553699157
13.434008703823304,70999.41757947768
13.435931079075807,224082.1601390168
13.43785241317051,133404.44182611085
13.439772707333926,134810.76617732467
13.441691962790333,120961.19639893711
13.443610180761802,147920.89088771062
13.445527362468184,254935.33581436705
13.447443509127124,115675.85972157148
13.449358621954069,226663.308715593
13.451272702162258,240291.3750422168
13.453185750962744,188031.60569527937
13.455097769564395,141151.59258720544
13.457008759173899,144244.90639454537
13.45891872099576,193304.88563538622
13.460827656232318,153124.85105984448
13.462735566083744,125039.148607299
13.464642451748054,320631.73344028107
13.466548314421098,224749.51816813851
13.468453155296588,141148.1826603055
13.470356975566093,67069.19826230993
13.472259776419028,95855.92740217417
13.47416155904269,151414.31785434848
13.476062324622234,96920.88154594725
13.4779620743407,138017.2736531091
13.479860809379005,95026.73721935599
13.48175853091595,119059.82113437598
13.483655240128245,125233.0823348712
13.48555093819047,134710.67866380746
13.487445626275129,104649.97959595142
13.489339305552614,228657.55171762902
13.491231977191246,181832.58387487085
13.493123642357254,200352.47701405987
13.495014302214788,169641.2911359523
13.496903957925936,166497.02454553952
13.498792610650696,63665.584091362165
13.500680261547027,113351.54171492721
13.502566911770815,85006.90096453822
13.504452562475894,265637.7383294447
13.506337214814053,243050.71122244792
13.508220869935043,169201.81088423872
13.510103528986564,163997.63287795067
13.511985193114294,217195.15953763828
13.513865863461868,188546.2830064374
13.515745541170915,152950.92899917238
13.517624227381031,137727.90675524657
13.51950192322981,167953.37731381183
13.521378629852821,163080.18154480707
13.52325434838364,125588.34581139614
13.525129079953835,88333.71676499357
13.527002825692994,73816.3569310631
13.528875586728695,89565.02601324208
13.530747364186539,123986.56667758913
13.532618159190152,137064.71268148746
13.534487972861173,150670.88096453433
13.536356806319287,140083.35892294048
13.538224660682179,140775.2143158991
13.540091537065612,273169.08353873296
13.541957436583365,215184.3163013012
13.543822360347269,116944.02567308971
13.54568630946721,164805.71468834413
13.547549285051133,192316.39587591088
13.549411288205036,270202.99853929394
13.551272320032991,177012.0753376073
13.553132381637132,365597.54748658265
13.554991474117672,213998.10343591077
13.556849598572905,235972.60579784695
13.558706756099207,167721.79082462343
13.56056294779104,187506.14046456755
13.562418174740953,177531.4666783228
13.564272438039618,151339.30568908356
13.566125738775774,198440.8922783142
13.567978078036285,186298.96972201447
13.569829456906124,181161.73123063496
13.571679876468389,267342.3062375577
13.573529337804263,177591.05484123583
13.575377841993097,235404.07850171038
13.577225390112345,220107.09630896727
13.579071983237592,228433.81394461673
13.580917622442573,204576.83420716831
13.58276230879915,158178.93054936908
13.584606043377343,157060.64769237983
13.586448827245317,131447.2348884256
13.588290661469394,137714.32029770897
13.590131547114046,109725.41580833925
13.591971485241912,120435.89935175283
13.593810476913815,95982.82688844891
13.59564852318872,97115.77710666272
13.597485625123793,145492.1263355682
13.599321783774355,139459.1711318962
13.601157000193943,141944.89755809883
13.60299127543426,145917.06257377518
13.604824610545196,145539.8059730723
13.606657006574858,116520.81426980825
13.60848846456955,153248.1594559565
13.61031898557377,489105.4899905276
13.612148570630225,392311.9250900239
13.61397722077985,391977.74150452646
13.615804937061785,512065.8401962167
13.617631720513401,308766.2422609939
13.619457572170285,329511.0661372498
13.621282493066262,386112.2613990296
13.623106484233388,341576.1758983894
13.62492954670195,299448.08451910404
13.626751681500497,360376.6230409246
13.628572889655803,259605.75673927605
13.630393172192896,462953.0097216843
13.632212530135073,288578.2657876974
13.634030964503875,241227.7213462913
13.635848476319111,194494.3470509854
13.637665066598855,194988.72052997357
13.639480736359442,220927.4440583922
13.641295486615496,479194.4197730315
13.64310931837992,400588.4857638149
13.644922232663887,340474.38855664065
13.646734230476863,247507.9455814737
13.648545312826599,300039.1025570104
13.650355480719142,177763.47835453824
13.652164735158848,175145.54098156738
13.65397307714836,172062.63753631318
13.655780507688625,164996.91171562712
13.657587027778918,166348.04560317603
13.6593926384168,191756.66822307315
13.66119734059818,193185.3667378883
13.663001135317261,194494.26819583017
13.664804023566592,179657.8557251176
13.666606006337036,261582.28058545248
13.668407084617783,168539.76793281935
13.670207259396387,182083.7097993727
13.672006531658715,163286.96785619127
13.673804902388985,273686.3546906156
13.675602372569767,167246.6374666638
13.677398943181979,358070.2864034331
13.679194615204894,313694.9786890134
13.680989389616148,246215.7211388031
13.68278326739173,265148.4879779553
13.684576249506009,249517.5616697552
13.686368336931704,249170.2780021055
13.68815953063993,281527.1677361166
13.689949831600163,230488.81423268167
13.691739240780269,479080.90990945394
13.69352775914649,209503.32385269122
13.695315387663454,199422.12522014568
13.697102127294201,261213.65970959165
13.698887979000148,215697.34084695118
13.70067294374111,260468.7820231166
13.702457022475317,255125.8920786384
13.704240216159398,276644.90057131124
13.706022525748383,218466.9276906909
13.707803952195741,201970.65208738513
13.709584496453328,183663.2652833533
13.711364159471431,173236.84859059233
13.713142942198777,133078.77687909344
13.714920845582496,201092.50955265583
13.716697870568169,240388.0717860065
13.718474018099792,169140.2089415655
13.720249289119824,127607.20209368136
13.722023684569134,158283.8440481323
13.723797205387063,205742.15858546665
13.725569852511391,237119.25996488504
13.727341626878346,189853.23417522077
13.729112529422615,160513.389406178
13.730882561077351,183564.46937444533
13.732651722774149,167331.7169933176
13.734420015443092,159807.87357294696
13.736187440012715,122417.96358996752
13.737953997410042,127580.06502019597
13.739719688560557,116737.97865533901
13.741484514388235,121915.48600685006
13.743248475815525,132658.27513539256
13.745011573763362,110732.73549200562
13.746773809151183,300937.0423261315
13.748535182896902,224508.47090238208
13.750295695916941,266753.83430481714
13.752055349126206,221060.82750529083
13.75381414343813,194288.2736865515
13.755572079764622,171803.13006488394
13.757329159016129,174412.68545987472
13.759085382101594,314431.3372445424
13.760840749928471,225978.52469333593
13.762595263402755,182772.3551112602
13.764348923428939,216681.79725596993
13.766101730910059,227985.87603767094
13.767853686747666,152339.04747508754
13.769604791841859,126024.25703134254
13.771355047091255,246208.19280142995
13.773104453393026,118876.4217422927
13.774853011642872,145439.04874062416
13.776600722735049,188316.92447857308
13.778347587562347,169826.53192800382
13.780093607016129,125815.2901419219
13.781838781986293,120619.0587310638
13.783583113361304,144657.41836483718
13.78532660202818,160430.26734190856
13.787069248872513,165192.02729360323
13.788811054778456,141994.47860342852
13.790552020628736,181137.13645895742
13.79229214730465,175995.1239339458
13.794031435686074,113913.05685550453
13.795769886651458,171250.22364577174
13.797507501077842,180753.44661538643
13.799244279840845,223289.2050058866
13.800980223814683,144008.9538792035
13.802715333872161,172961.1963049674
13.80444961088467,147789.53662685744
13.806183055722213,118801.51289717003
13.807915669253381,133495.7326994268
13.80964745234538,127343.20111110284
13.811378405864021,134377.63785442372
13.813108530673714,134214.77997375152
13.8148378276375,123979.50575561199
13.816566297617028,112686.7090492493
13.81829394147256,138575.55464831812
13.820020760062981,117573.26091935762
13.821746754245819,177656.64007997408
13.823471924877206,129600.9877647779
13.825196272811917,85040.64391107779
13.82691979890337,139437.04958437983
13.828642504003595,100840.63969579276
13.830364388963288,120556.10286096264
13.83208545463177,132185.2280187743
13.833805701857015,163272.77279986427
13.835525131485651,56056.02235899635
13.837243744362947,96055.01850133916
13.838961541332829,76210.39232025926
13.840678523237893,182819.245721041
13.842394690919372,158749.0965871121
13.84411004521718,131288.87264918533
13.845824586969892,149562.49073224308
13.847538317014754,135459.01033530265
13.849251236187676,119330.74853642429
13.850963345323251,112157.62059952211
13.852674645254757,120387.895901546
13.854385136814125,108747.90166921754
13.856094820831991,125957.14542649683
13.857803698137676,127820.5004255858
13.859511769559187,126105.33159456427
13.86121903592321,142728.67146386186
13.86292549805515,141571.8169422557
13.864631156779085,135944.9415287316
13.86633601291781,121122.3438739322
13.868040067292807,130004.58030483201
13.86974332072428,116307.67674172003
13.871445774031129,120368.78449306135
13.873147428030975,148189.55564822152
13.874848283540139,102303.8485100965
13.876548341373667,97214.0431236302
13.878247602345327,125362.18728469592
13.879946067267607,93645.80524326922
13.881643736951705,53151.090897891394
13.883340612207572,99638.09384272617
13.88503669384387,109905.45661977683
13.886731982668,149019.17562826362
13.888426479486096,121659.38144438289
13.890120185103031,57883.36859226892
13.891813100322418,110883.5195883879
13.893505225946615,149345.26505688054
13.895196562776725,47452.93714106493
13.896887111612605,130097.94546230917
13.898576873252846,131965.36178873008
13.900265848494815,99808.25346834761
13.90195403813462,98942.1928829287
13.90364144296714,136444.9519460869
13.905328063785996,113695.12107721122
13.907013901383598,142946.70710144858
13.908698956551104,146499.74642685958
13.910383230078454,77322.28202698553
13.912066722754352,143474.49703038434
13.913749435366277,119410.36794985729
13.915431368700494,124610.02416353162
13.917112523542027,128483.6376819868
13.918792900674715,86450.81970014167
13.920472500881148,128491.4893625888
13.92215132494273,93835.9259886592
13.923829373639641,148000.27822056375
13.92550664775086,136522.99741534432
13.92718314805414,82372.87651173088
13.92885887532607,127920.84180110104
13.930533830342009,131366.57892127405
13.932208013876124,137106.03218707
13.933881426701396,153184.158582466
13.935554069589607,164285.15718564877
13.937225943311352,52748.707316611704
13.938897048636031,110418.89533989738
13.940567386331873,117988.09807173081
13.942236957165907,162025.76219086986
13.943905761903997,125502.2047982919
13.94557380131082,130236.38882098362
13.947241076149885,170940.95699067603
13.948907587183522,146823.61466399246
13.950573335172892,224528.10674229843
13.95223832087799,157696.02676004326
13.953902545057643,140998.09290845037
13.955566008469518,119054.8300990728
13.957228711870123,149202.8069190496
13.958890656014802,118213.69408650965
13.960551841657747,300759.452416932
13.962212269551987,291449.6517160324
13.963871940449417,291563.6583479232
13.965530855100775,337256.49490711454
13.967189014255647,346175.7191569192
13.96884641866248,229568.97737634028
13.970503069068581,311861.0398396389
13.972158966220121,203639.8541771422
13.973814110862115,229114.71721698763
13.975468503738478,244963.96966815923
13.97712214559195,171557.44099343827
13.978775037164185,236411.95806191
13.98042717919567,147826.11488227965
13.982078572425793,206835.98154202156
13.983729217592806,197286.34147320117
13.985379115433853,210205.91046744408
13.987028266684945,206846.6413558982
13.988676672080985,124433.2843846637
13.990324332355753,132213.15652148158
13.991971248241928,247429.46859533628
13.993617420471088,249247.06629683607
13.995262849773678,190153.46179388347
13.996907536879059,208257.58393059275
13.998551482515483,243630.35556872352
14.000194687410099,296363.0790637383
14.001837152288967,206865.77566781305
14.003478877877038,275271.0616907536
14.005119864898186,161541.84038122487
14.006760114075178,123159.7047280079
14.008399626129693,137502.799475294
14.010038401782339,102355.99433647786
14.011676441752623,130082.12282123591
14.013313746758977,124723.28637896552
14.01495031751875,137295.4682408477
14.01658615474822,127738.34725199024
14.018221259162575,111383.14227587078
14.019855631475933,110929.50352747353
14.021489272401366,146811.25849696732
14.023122182650834,139450.20526753436
14.02475436293526,167291.6009714162
14.026385813964495,137922.62668726468
14.028016536447323,207587.35205687978
14.029646531091478,130490.1787945521
14.031275798603609,187791.0983910168
14.032904339689345,158877.36840734677
14.034532155053236,207856.1945864741
14.036159245398787,109414.04999345663
14.037785611428449,134396.16697963097
14.039411253843634,120135.95150440068
14.041036173344699,205808.97489561688
14.042660370630959,307291.52731763996
14.0442838464007,141281.26879053575
14.045906601351142,62632.58765605271
14.047528636178493,311344.81581938
14.049149951577919,63400.8573181923
14.050770548243541,256157.9131024229
14.052390426868463,140350.89812316262
14.054009588144751,177449.86988941883
14.055628032763455,148769.46153413862
14.057245761414583,444803.9263591455
14.05886277478713,334802.8045926328
14.060479073569079,223239.22881784348
14.062094658447375,224948.65247064002
14.063709530107962,199026.0207627091
14.065323689235763,412065.1041668633
14.066937136514682,132507.4091091577
14.06854987262762,157275.06275561402
14.070161898256476,124921.03060249386
14.071773214082123,130810.78731612228
14.073383820784445,145818.73592645134
14.074993719042324,143307.32294415098
14.07660290953363,182199.88309935524
14.078211392935243,182219.78169487853
14.079819169923036,171499.9699315037
14.081426241171904,188893.5518535967
14.083032607355737,187079.63555580933
14.084638269147439,174275.44069743724
14.086243227218915,242548.10090455148
14.087847482241104,185270.7656969628
14.08945103488394,173349.1229368538
14.09105388581638,185179.5272816689
14.092656035706408,200079.3965751456
14.094257485221013,345616.30783424084
14.095858235026224,385680.60335803253
14.097458285787088,140602.73463196805
14.09905763816768,311856.0237029722
14.10065629283109,177065.61088632978
14.102254250439458,255110.5148304463
14.103851511653946,182704.2596999153
14.105448077134762,262327.41382114927
14.107043947541124,214787.6798403677
14.10863912353132,168893.9596072547
14.110233605762662,183552.3977875954
14.111827394891495,135465.00288824353
14.11342049157323,309899.442610254
14.115012896462307,151571.1314792557
14.116604610212223,313957.2509401373
14.118195633475512,142052.90167636858
14.119785966903773,113373.7372038904
14.121375611147648,117694.62075540505
14.12296456685685,96319.85639650616
14.124552834680129,104116.86166728131
14.126140415265303,109474.50549075991
14.127727309259253,144272.26359177416
14.129313517307915,134628.02925472648
14.1308990400563,283278.9027873993
14.132483878148479,440180.5050140932
14.134068032227582,398060.7838310932
14.135651502935826,424014.0640723683
14.13723429091449,469082.24084866676
14.138816396803929,383262.1206788982
14.140397821243571,262548.09398335573
14.141978564871918,328444.7881038232
14.143558628326556,532423.039689218
14.145138012244155,269184.6181132388
14.146716717260457,360904.0726818931
14.1482947440103,353717.93651829136
14.149872093127607,330272.6494418407
14.151448765245362,198963.37941041574
14.153024760995686,352587.2343952525
14.154600081009745,214599.44119683828
14.15617472591783,198505.59146799592
14.15774869634931,168799.91799151796
14.159321992932664,219228.0583600273
14.160894616295455,216250.20232334547
14.16246656706435,171830.65047524133
14.16403784586512,176007.77984259557
14.165608453322646,193602.05141799626
14.1671783900609,212900.88110589987
14.168747656702982,230756.08470879425
14.170316253871071,215470.1380248429
14.171884182186483,171447.25751852742
14.173451442269636,239582.55661918744
14.175018034740056,184918.5388783042
14.176583960216393,246044.22157038964
14.178149219316415,309413.2638722897
14.179713812657004,334161.32113661314
14.18127774085417,263685.6183565676
14.182841004523032,314824.13582360226
14.184403604277843,263024.9512156843
14.185965540731983,246362.85986728253
14.187526814497952,255622.0041405197
14.189087426187385,272510.1208151529
14.19064737641105,222063.2787621387
14.192206665778837,214823.98970319616
14.193765294899782,239191.39860081387
14.195323264382047,215737.43366195154
14.196880574832942,195021.30266295062
14.198437226858903,196181.52111463077
14.199993221065519,142281.27576743797
14.201548558057508,173472.36741859035
14.203103238438757,180637.90696080035
14.204657262812264,188232.04613919108
14.206210631780202,202478.9586219321
14.207763345943876,195905.18114047433
14.209315405903753,197246.93708499314
14.210866812259452,120538.35717056805
14.21241756560973,132928.6037782737
14.213967666552518,108369.48730847744
14.215517115684898,101976.27095439416
14.217065913603108,181124.7089203145
14.218614060902546,143276.9300397747
14.22016155817777,259217.0030900379
14.221708406022513,338106.16196183115
14.223254605029657,175301.41078611946
14.224800155791261,156575.55782100113
14.226345058898556,146521.36328854747
14.227889314941926,165925.85144223776
14.22943292451094,267236.7074979144
14.230975888194338,227575.64859365366
14.232518206580032,245919.20892273943
14.23405988025511,255277.83727658173
14.235600909805832,166150.46627707776
14.23714129581766,210904.1215965592
14.238681038875203,197901.05008863402
14.24022013956228,202580.94658470748
14.241758598461871,309230.5434129431
14.243296416156172,213183.528386341
14.244833593226529,293502.015358692
14.246370130253506,299341.6300087274
14.247906027816839,201594.77220097557
14.249441286495468,174713.50199961377
14.250975906867511,171672.09682020772
14.252509889510295,209691.23008956207
14.254043235000337,142643.48915610858
14.255575943913351,147688.3660770409
14.257108016824253,137785.7942046117
14.25863945430715,138159.84434035438
14.260170256935364,179444.67113491416
14.261700425281417,106109.3301033042
14.263229959917032,122832.22744383183
14.264758861413132,147658.49994986542
14.266287130339869,86212.8705921765
14.267814767266582,161741.24714503772
14.269341772761832,139818.08762757014
14.270868147393399,115737.21299019935
14.272393891728257,224764.83735848387
14.273919006332617,129982.5852346701
14.275443491771894,175793.9937386281
14.27696734861072,177472.68655653333
14.278490577412953,128641.93144686073
14.280013178741678,112945.4878947328
14.281535153159187,139517.544067375
14.283056501227003,116548.05981271833
14.284577223505876,159866.85176588673
14.286097320555793,111306.84831984213
14.287616792935944,140411.0613952913
14.289135641204778,86177.56722753611
14.290653865919952,112842.95291068625
14.292171467638365,91230.41040638922
14.29368844691615,127802.42240675767
14.295204804308684,138088.97045072966
14.296720540370561,185279.79123666006
14.298235655655635,143581.97439428934
14.299750150716978,118114.55163522567
14.301264026106935,151499.69421157576
14.302777282377054,122479.06764467618
14.304289920078153,131609.29892969882
14.305801939760288,115811.24664312424
14.307313341972767,124235.44988887789
14.308824127264142,119963.97174193733
14.310334296182216,143381.13753515287
14.311843849274037,106934.53790841463
14.313352787085911,118020.14987691621
14.314861110163397,111223.3782117124
14.316368819051313,121308.81816778198
14.31787591429373,95117.73722383895
14.319382396433971,76752.22109194653
14.320888266014626,127783.59647019654
14.322393523577544,115605.67337327829
14.323898169663838,124231.70114162064
14.32540220481388,122439.0635614326
14.326905629567301,108746.06067448792
14.328408444463017,147857.8885842446
14.329910650039198,77528.67943276453
14.331412246833274,95851.45217784334
14.332913235381968,148172.84337125643
14.334413616221253,53302.06760441952
14.335913389886391,72102.00471215365
14.337412556911904,115645.24296759377
14.338911117831604,128155.23482213107
14.340409073178568,99093.67310164255
14.341906423485153,136722.6316025208
14.343403169282997,128796.027408394
14.344899311103019,59655.059354647856
14.34639484947543,205227.6352279028
14.347889784929702,116148.48310433925
14.34938411799461,110695.67122855253
14.35087784919821,133685.03082134703
14.352370979067839,144088.99144773316
14.35386350813013,138481.83466576878
14.355355436911008,121651.49293802219
14.356846765935671,115542.97419312966
14.358337495728646,165994.94359822755
14.359827626813713,117346.25166697623
14.361317159713968,147143.18439476902
14.3628060949518,122509.87523411734
14.364294433048899,109049.32289404799
14.365782174526247,113584.55193559124
14.36726931990413,84158.04031145752
14.368755869702138,111980.92467432652
14.37024182443916,83107.83968475072
14.371727184633388,158569.53310730832
14.373211950802316,128036.95979478025
14.374696123462755,139522.36788521058
14.376179703130816,158756.41995249866
14.377662690321918,126663.97972397342
14.379145085550794,95767.75630585101
14.380626889331491,140615.1806100325
14.382108102177362,137267.23693075072
14.383588724601076,115504.40199146455
14.385068757114613,123493.97764553445
14.386548200229281,120282.0653737231
14.388027054455698,93472.30296993606
14.3895053203038,75011.46337371328
14.390982998282842,106602.75579082352
14.392460088901409,135513.54423870903
14.393936592667401,151093.86859589833
14.395412510088036,139533.96539025207
14.396887841669871,144676.9950016419
14.39836258791878,125424.57856993991
14.399836749339968,144519.52299810713
14.401310326437965,117639.73126815469
14.402783319716637,136926.89466490265
14.40425572967917,164784.89179513959
14.4057275568281,145848.83274376416
14.407198801665272,126831.64196507233
14.408669464691888,145387.30585509064
14.410139546408471,223089.98316693166
14.411609047314895,108669.33345955372
14.413077967910358,183333.27263429647
14.4145463086934,167761.43947883305
14.416014070161912,109665.22731755693
14.417481252813111,141923.90535154525
14.418947857143579,269733.2492438186
14.420413883649212,234532.18234158127
14.421879332825283,236845.3079848814
14.423344205166382,211462.0217923342
14.424808501166465,173124.6549417706
14.426272221318838,239735.1343696465
14.42773536611614,397906.6482825795
14.429197936050382,370805.3441466392
14.430659931612912,242395.63065937767
14.432121353294436,193894.122814695
14.433582201585018,153493.90001916638
14.435042476974068,213689.59706739392
14.43650217995037,204639.3344334296
14.437961311002043,197166.24721399683
14.439419870616586,222388.25644055405
14.44087785928084,154726.71207805318
14.442335277481027,129954.8947814628
14.443792125702712,167618.90861277474
14.445248404430842,228137.8808902475
14.446704114149709,289889.59587112954
14.44815925534299,319542.253206336
14.449613828493714,237246.4885375312
14.451067834084288,208800.97152741445
14.452521272596481,141158.40958579743
14.453974144511434,211122.73135641054
14.455426450309664,188734.55215311077
14.456878190471059,223625.27863353022
14.458329365474878,187764.98001554247
14.459779975799751,122739.67231904088
14.461230021923694,126604.98171374823
14.46267950432409,150741.68157187407
14.464128423477707,156345.59064648693
14.465576779860692,159183.71901913758
14.46702457394857,291175.48350075167
14.468471806216234,82679.05142589935
14.469918477137988,81766.6484219545
14.471364587187503,90992.6391638358
14.472810136837824,104296.39242975015
14.474255126561404,101954.78833451513
14.475699556830062,109958.8727395462
14.477143428115022,99624.26647584663
14.47858674088689,116400.83198719149
14.480029495615659,156377.33211296308
14.481471692770711,173626.5251553124
14.48291333282083,139594.24372810166
14.484354416234186,132802.08073822834
14.485794943478343,203945.30820158738
14.487234915020263,126463.83218728134
14.488674331326301,178796.55589541784
14.49011319286221,107335.56103726951
14.491551500093154,132985.9090387005
14.492989253483675,200843.76160957583
14.494426453497725,240285.40721435845
14.495863100598662,226035.8682091619
14.49729919524925,118210.46789609158
14.498734737911633,112725.86292294502
14.500169729047386,117554.16708874493
14.501604169117476,106094.02913782198
14.503038058582288,139878.51383306662
14.504471397901598,101295.46984578209
14.505904187534611,145001.58926838948
14.507336427939917,69562.48172119378
14.50876811957554,78734.29110393864
14.510199262898906,71800.18336665387
14.511629858366852,75947.99281143726
14.513059906435636,312475.25827659236
14.514489407560918,275190.3061961508
14.515918362197791,301594.69888108555
14.517346770800748,208083.54469393103
14.518774633823716,122086.7557366994
14.520201951720022,191256.7033486536
14.521628724942438,205083.587988295
14.523054953943134,267567.3713912044
14.524480639173714,251485.3291526324
14.525905781085195,154156.1223611391
14.527330380128033,215377.30290128104
14.5287544367521,180303.9207641936
14.530177951406696,178006.82026358688
14.531600924540532,240202.30309381709
14.533023356601777,231236.550806807
14.534445248038013,267120.0455283477
14.535866599296243,345725.7798307074
14.537287410822922,191815.58009746348
14.538707683063912,112497.49653769427
14.54012741646453,161999.55247188226
14.541546611469514,156684.6689349938
14.54296526852304,127310.10223942979
14.54438338806872,128608.45232074577
14.545800970549605,102736.86969510264
14.547218016408177,98920.22948201309
14.548634526086367,142064.03531779643
14.550050500025534,109322.03590448236
14.551465938666484,122084.06876664747
14.552880842449465,120555.11386951605
14.554295211814171,131088.9406673335
14.555709047199725,96675.14292008137
14.557122349044711,172715.50920685526
14.558535117787148,150623.23720477184
14.559947353864503,175319.64045759602
14.561359057713696,189889.53008381644
14.562770229771086,181227.26659689593
14.564180870472487,208404.91804601726
14.565590980253171,160434.26092565403
14.567000559547836,176131.16633632185
14.568409608790661,148308.7120658353
14.569818128415255,177864.41566342325
14.571226118854698,200042.65865371522
14.572633580541517,371680.17378942465
14.574040513907688,492752.60892519564
14.575446919384651,172934.28674440325
14.57685279740331,283771.5739313048
14.578258148394013,371725.5207145718
14.579662972786576,421544.881308353
14.58106727101028,146061.73677673275
14.58247104349385,193992.7305119184
14.58387429066549,222751.88189769746
14.585277012952863,205772.76838989457
14.586679210783092,169212.441911467
14.588080884582764,181546.87515175322
14.58948203477793,163902.1828472693
14.590882661794126,192829.8697107081
14.592282766056325,186630.49306118613
14.593682347988993,145876.65493715386
14.595081408016062,122188.40173925139
14.596479946560919,117086.23315528204
14.59787796404644,172522.43871650583
14.599275460894956,191909.28324817962
14.60067243752829,102855.42287352173
14.602068894367724,109874.55573903564
14.60346483183402,135043.08876570247
14.604860250347413,123145.66192651751
14.606255150327616,356787.2442465161
14.60764953219383,269005.9913548733
14.609043396364711,383626.8938567829
14.610436743258413,455107.31094917137
14.611829573292558,316790.85170683236
14.61322188688427,458255.6262092439
14.614613684450122,487478.63704399904
14.616004966406194,398543.2986434003
14.617395733168038,476847.99898968305
14.618785985150703,279804.70607708883
14.62017572276871,325909.0132732308
14.621564946436067,336975.0689920702
14.622953656566281,378202.0075520773
14.62434185357233,336564.41389884177
14.62572953786669,288069.32803716883
14.62711670986133,242836.6509629891
14.628503369967703,238864.47903834115
14.629889518596746,237567.22559238411
14.631275156158905,188205.64688822278
14.632660283064114,186936.31941801126
14.634044899721793,196929.54348067488
14.635429006540857,220291.79250964016
14.636812603929721,285261.12275279616
14.638195692296303,201172.01517272944
14.639578272047995,195605.66674329966
14.640960343591718,174018.02774995958
14.64234190733387,177031.7055242382
14.64372296368035,171790.6574834678
14.645103513036569,175872.43474672022
14.646483555807425,186296.122627421
14.64786309239733,186936.18477545053
14.649242123210191,176556.78940737064
14.650620648649427,178458.91433272854
14.65199866911795,179181.52137811115
14.653376185018184,234442.238255682
14.654753196752063,171207.38183229964
14.656129704721014,183648.8189225318
14.657505709325996,174494.75484289168
14.65888121096745,214461.38915887522
14.660256210045342,169649.6363180481
14.661630706959146,206914.29806893007
14.663004702107845,226521.8935619496
14.664378195889935,190758.7404127711
14.665751188703426,180160.27463040274
14.667123680945833,359784.79773294996
14.668495673014197,391144.7025312823
14.669867165305071,315094.12568536267
14.67123815821452,247740.9569558428
14.672608652138125,270371.83710811683
14.673978647470983,318343.29880310193
14.675348144607723,193787.32000787972
14.67671714394248,266998.94214842224
14.678085645868908,220637.882667757
14.679453650780196,418400.32292808103
14.680821159069033,215589.90644039292
14.682188171127647,231384.45227774105
14.683554687347783,223906.05695124366
14.684920708120707,219935.21460163544
14.686286233837214,234031.61523578007
14.687651264887627,201827.25319770374
14.689015801661784,190685.21460305798
14.690379844549065,233740.44893220515
14.691743393938367,167762.28505862804
14.693106450218115,295782.3121895722
14.69446901377627,258591.3826819813
14.69583108500032,251308.4477620552
14.697192664277274,239998.59138803373
14.698553751993696,132582.66185800004
14.699914348535659,145031.20440037415
14.701274454288779,155807.54920402664
14.702634069638208,192369.88961454283
14.703993194968621,199567.22345446184
14.705351830664245,131624.15791582974
14.706709977108837,114590.19255943867
14.70806763468568,144918.2769079472
14.709424803777607,281505.2605515532
14.710781484766983,139966.20835703838
14.712137678035727,161476.30266963004
14.713493383965268,216190.4046062744
14.714848602936605,187980.46609044142
14.716203335330258,222019.6476299649
14.71755758152631,211896.86867139218
14.718911341904363,217538.7715283501
14.72026461684358,165765.10619420343
14.721617406722656,166335.21775237832
14.722969711919845,191195.96792462227
14.724321532812937,283527.47411191394
14.725672869779265,315856.1803504333
14.727023723195723,252742.46723330778
14.728374093438743,285557.5619729688
14.729723980884305,359222.5823657714
14.731073385907942,142504.27899415162
14.732422308884736,205154.78941563895
14.733770750189326,151055.2762002636
14.735118710195891,168708.02930983296
14.73646618927817,204367.29111098047
14.737813187809458,205380.94356055977
14.73915970616259,248348.36965833022
14.740505744709969,159950.0359355501
14.741851303823557,133019.66246648974
14.743196383874853,135050.10808829908
14.744540985234925,101839.71996056897
14.745885108274404,120251.51395533998
14.747228753363471,144531.85221529845
14.748571920871862,141599.50056191685
14.74991461116888,112858.58161967876
14.751256824623388,163847.6832067402
14.752598561603806,141028.98454449908
14.753939822478122,210083.1766233372
14.755280607613871,144489.82702497247
14.756620917378175,221793.14150590022
14.7579607521377,128473.93553053853
14.759300112258682,57500.01874256774
14.760638998106923,55424.47212602047
14.761977410047797,112371.26598752134
14.763315348446238,136978.37292748198
14.764652813666741,136571.99147476567
14.765989806073389,153997.27038366112
14.767326326029806,161276.0142173993
14.768662373899208,140660.35783048085
14.769997950044376,126377.10195452558
14.77133305482765,145150.74758213267
14.772667688610957,122262.93341430722
14.77400185175579,169613.2573674661
14.775335544623207,115456.17610463618
14.776668767573849,158747.11866783447
14.778001520967939,129766.62679886652
14.779333805165246,146751.64347374943
14.780665620525149,130069.88005180258
14.78199696740658,124989.51410370233
14.783327846168053,130452.95177923868
14.784658257167663,127530.37038967379
14.785988200763084,127020.17479987608
14.787317677311561,122101.72678428386
14.788646687169933,147715.82747124237
14.789975230694607,109867.08238160553
14.791303308241568,121025.77455565662
14.79263092016639,151618.7040329179
14.793958066824231,195592.34827228906
14.795284748569827,131368.15393669403
14.796610965757505,134083.86223004776
14.797936718741157,174565.7710114998
14.799262007874283,109658.49593475673
14.800586833509957,131037.63985470853
14.80191119600084,109047.99695123546
14.80323509569918,140286.6674090245
14.804558532956811,143258.6686172615
14.805881508125161,137287.36732127657
14.807204021555245,146860.32581963053
14.808526073597655,106640.28063049974
14.809847664602591,109363.37031541207
14.811168794919832,122887.92043908664
14.812489464898755,110325.10631011776
14.813809674888331,120268.43364837437
14.815129425237108,93879.3478828042
14.816448716293245,95327.04880189235
14.817767548404483,125242.09854681266
14.819085921918171,125755.6405411268
14.820403837181242,84845.26779079516
14.821721294540218,135867.2753367355
14.823038294341238,180027.616325457
14.824354836930027,131911.9350759058
14.8256709226519,112204.89592733335
14.826986551851785,149315.37746610746
14.828301724874207,128503.07318466084
14.829616442063276,198669.1136584091
14.830930703762712,94053.79999327468
14.832244510315839,125832.31067690367
14.833557862065584,120335.23329281856
14.834870759354466,143379.64118486753
14.836183202524618,131563.03599716362
14.83749519191777,126354.37480507724
14.838806727875248,111280.24929691435
14.840117810738,136894.48607612445
14.84142844084657,122451.78504616936
14.842738618541102,137813.06643999828
14.844048344161362,123041.58592059219
14.845357618046709,177199.73604761873
14.846666440536119,137682.7088503171
14.847974811968168,115168.77121099632
14.849282732681049,134758.39523042255
14.850590203012555,77061.37148257162
14.851897223300092,75215.65539093976
14.853203793880692,188170.32721884453
14.85450991509098,217170.8890325299
14.855815587267196,157321.30460053365
14.857120810745197,117706.02453020177
14.858425585860449,78507.52578458365
14.859729912948042,223128.57722226463
14.861033792342665,113193.1457539227
14.862337224378631,128987.00716169717
14.863640209389873,156372.94377945727
14.864942747709922,102795.70638328079
14.866244839671959,152319.52375906013
14.867546485608738,120273.73865379769
14.868847685852664,128523.50974641812
14.870148440735758,109548.73045925237
14.871448750589646,122544.00858853007
14.87274861574558,125007.1056434754
14.874048036534434,154842.0816624806
14.875347013286708,174003.47999916374
14.876645546332513,156815.35608252068
14.877943636001579,147381.10751313646
14.879241282623282,148424.4214536867
14.88053848652659,94124.86241600881
14.881835248040115,188888.92278467995
14.883131567492097,148815.05168235258
14.884427445210386,156873.76443423485
14.885722881522465,88149.80294859417
14.887017876755442,248980.39732287722
14.88831243123605,156054.4478344092
14.889606545290656,107533.42390987308
14.890900219245248,89347.93270016849
14.892193453425445,127039.33325843127
14.89348624815649,143051.33387380102
14.89477860376327,149262.1346212096
14.896070520570284,97754.4155540548
14.897361998901673,182302.9348247844
14.898653039081209,223953.31006563938
14.899943641432287,250234.51163236366
14.901233806277947,288636.87471217464
14.90252353394085,251516.09939434536
14.903812824743301,216151.033543752
14.905101679007235,216102.69919969066
14.906390097054219,175899.97056485218
14.907678079205446,204421.26999599783
14.90896562578178,223484.93567837746
14.910252737103677,250294.2620528408
14.911539413491255,146311.269626857
14.912825655264273,175166.77633703672
14.914111462742111,142969.27900876154
14.915396836243797,150188.50175221675
14.916681776088001,225856.556084055
14.917966282593023,212499.5390455898
14.919250356076814,190275.50386719735
14.920533996856962,224174.46573112076
14.921817205250694,123522.29808024035
14.923099981574879,137600.0186807173
14.924382326146029,149892.65540559837
14.9256642392803,133154.50015102312
14.926945721293498,110948.73057502085
14.92822677250105,126344.92282511562
14.929507393218055,130916.64398346955
14.930787583759244,117686.8774989277
14.932067344439,255171.3798640132
14.933346675571343,226165.1099606916
14.934625577469935,195738.9676123508
14.935904050448112,226943.2090879909
14.937182094818832,304524.6530615909
14.938459710894705,243494.01836089004
14.939736898988002,227753.22224987703
14.941013659410636,179712.86257753122
14.942289992474164,189226.68460726755
14.943565898489805,175105.05613877566
14.944841377768421,180758.89714995207
14.946116430620524,167937.85342042614
14.94739105735629,125139.41456374238
14.948665258285532,120652.59257503087
14.949939033717737,133530.00305643605
14.951212383962014,131078.2448414945
14.952485309327157,142866.36264629336
14.953757810121594,158018.4364727369
14.955029886653426,162114.38809096065
14.956301539230397,745927.1835434353
14.9575727681599,141406.27174563223
14.958843573749009,130513.29595797078
14.960113956304436,78343.85466588146
14.961383916132556,98676.1512027552
14.962653453539403,116787.73804576784
14.963922568830661,102746.1572957661
14.9651912623117,108994.7388123448
14.966459534287514,146800.60909166152
14.967727385062783,132720.23202054633
14.96899481494184,136731.84279608467
14.970261824228674,129189.50707855509
14.971528413226947,125790.87127596837
14.972794582239972,140251.25418231735
14.974060331570737,193060.9983532867
14.975325661521882,132576.23914354242
14.976590572395713,155231.2019937486
14.977855064494205,126598.42459353122
14.979119138119001,188831.51943149584
14.980382793571398,205564.12556706075
14.981646031152367,116902.2515933527
14.982908851162552,173137.59802727055
14.984171253902243,149432.17229272157
14.985433239671416,218864.58905272558
14.986694808769705,271084.7970264945
14.987955961496418,131981.956270853
14.989216698150534,120224.12889215472
14.990477019030699,160696.99135584722
14.99173692443522,82109.43580214474
14.992996414662088,63178.25101640526
14.994255490008962,112465.89755077584
14.995514150773154,116812.54405138186
14.996772397251682,116801.44378915384
14.998030229741204,274228.97690020484
14.999287648538074,179068.25828647226
15.000544653938297,187531.3337221246
15.001801246237578,221836.98780282447
15.003057425731274,199221.77061892246
15.004313192714436,141827.5931906224
15.005568547481765,151787.21808890975
15.006823490327664,214160.0597344788
15.008078021546192,217858.16197982826
15.009332141431102,215996.57813366188
15.010585850275813,257994.30702855779
15.011839148373424,176691.60003389767
15.013092036016706,199807.51856300997
15.01434451349813,314348.6855769169
15.01559658110982,189277.74749401858
15.01684823914359,281020.4859376537
15.01809948789094,331400.9007535363
15.019350327643044,151441.70608603943
15.02060075869076,147582.87904257997
15.02185078132462,81628.43749581077
15.023100395834852,95590.54665847878
15.024349602511355,86621.97333291822
15.02559840164371,76663.93821241645
15.02684679352119,150995.2649691095
15.028094778432743,197874.28322645655
15.029342356667017,217835.0351845763
15.030589528512317,173288.75487812108
15.031836294256665,111506.00635458785
15.03308265418774,121144.51547096379
15.034328608592933,156709.64017776187
15.0355741577593,130755.4748648991
15.036819301973592,125382.60795179827
15.038064041522254,155094.6493845138
15.039308376691416,145246.11211624075
15.040552307766886,181482.8390105975
15.041795835034177,197221.45375297446
15.043038958778475,201793.31007258
15.04428167928467,185938.47331712005
15.045523996837334,175909.2008590695
15.046765911720733,185317.74447625683
15.048007424218826,241951.8584210569
15.049248534615261,307784.45017886604
15.050489243193368,303683.02974355244
15.051729550236193,173513.32126601995
15.052969456026453,160308.63761774296
15.05420896084657,462321.53339025116
15.05544806497866,497696.5325269343
15.056686768704521,339345.02632277843
15.057925072305663,478323.5395796887
15.059162976063284,428370.86173320236
15.060400480258272,295605.51381078654
15.06163758517122,412166.58603991044
15.062874291082409,161397.94848809048
15.064110598271826,181818.03143828895
15.065346507019152,179796.44595945172
15.06658201760376,256587.97906566216
15.067817130304729,190885.1251541231
15.069051845400834,153022.21030246565
15.07028616317055,102108.57140240428
15.071520083892052,200155.66594024014
15.072753607843213,98937.37597919264
15.073986735301608,124787.06685754159
15.075219466544512,104637.48546660498
15.076451801848897,94052.15582178572
15.077683741491448,101756.17074796902
15.07891528574854,142918.40815573616
15.08014643489627,149521.37755418927
15.081377189210409,131150.9455999483
15.08260754896646,140168.8290262256
15.08383751443961,411612.6625247923
15.085067085904752,246524.47460717184
15.086296263636507,244254.38328586073
15.087525047909173,415414.33649062435
15.088753438996765,308677.35511838406
15.089981437173003,346958.904427361
15.091209042711315,300434.52548483276
15.092436255884836,295077.9387188199
15.093663076966413,355529.3063128486
15.09488950622858,347461.41449718166
15.096115543943615,376254.47429084376
15.097341190383478,277689.42368685437
15.098566445819829,277279.4239311379
15.09979131052407,315721.57566184615
15.101015784767293,280913.3560991243
15.102239868820305,169758.92936286377
15.103463562953612,178798.342033659
15.104686867437456,178941.6854954175
15.10590978254176,272608.40052416956
15.107132308536187,182686.35065684075
15.108354445690091,190412.96513638154
15.109576194272556,207900.28734202683
15.11079755455237,203289.3861197965
15.112018526798037,163295.83494539477
15.113239111277768,190697.1763850807
15.114459308259502,198726.2000850286
15.115679118010881,246039.34448334423
15.116898540799268,266907.06531827466
15.118117576891734,278069.63677774154
15.119336226555092,408173.5038804085
15.120554490055829,324280.57864700764
15.121772367660194,513322.0360326776
15.122989859634112,306898.0259768981
15.124206966243257,326282.26997129165
15.125423687753006,260046.9553564175
15.12664002442846,327189.01542422955
15.127855976534436,210992.02094198889
15.12907154433547,196684.2607948467
15.13028672809582,468238.8237473839
15.131501528079463,188017.43349652263
15.1327159445501,135301.1638900105
15.133929977771148,195788.57562014248
15.135143628005743,137652.74950824922
15.136356895516759,195081.44032621811
15.137569780566764,186191.1982521176
15.138782283418072,187642.20738629586
15.13999440433272,200197.19311979544
15.14120614357245,177958.45464631956
15.142417501398752,160561.41609386585
15.14362847807281,157338.46272890933
15.144839073855561,111826.15423034357
15.146049289007655,130771.20063885246
15.14725912378946,141038.82115909088
15.148468578461083,118191.26329119872
15.149677653282357,115500.91484449443
15.15088634851283,128032.11676221556
15.152094664411777,131120.5270384477
15.15330260123822,104558.58875259288
15.154510159250883,124770.3307421658
15.155717338708236,288163.4491081977
15.15692413986847,396135.71841369075
15.158130562989507,170536.880473412
15.159336608328998,149510.17143057744
15.160542276144316,170123.73403885803
15.161747566692581,138354.69427875208
15.16295248023062,183505.30956378017
15.164157017015023,221745.7630129826
15.165361177302076,165856.9636748255
15.166564961347818,176084.00966311028
15.167768369408012,135135.79759667037
15.168971401738162,163211.2626346041
15.170174058593496,142394.06189016756
15.17137634022897,127810.0739611961
15.17257824689929,130982.93691931473
15.173779778858885,146611.56948103022
15.17498093636192,182613.77991187604
15.176181719662283,172680.60228427357
15.177382129013619,152438.68860244052
15.178582164669296,145266.90331276238
15.17978182688242,128386.1128251492
15.180981115905826,126336.75287509608
15.182180031992093,160131.70197650694
15.183378575393544,148787.1305483765
15.184576746362216,137168.8044598477
15.185774545149913,140789.46698360055
15.186971972008143,122309.98458888134
15.188169027188188,132942.68754111594
15.189365710941043,162713.5412714442
15.190562023517451,135572.21395024657
15.191757965167891,146057.59089506068
15.192953536142591,153600.8407977195
15.194148736691501,155452.6375050773
15.195343567064342,160425.5585132147
15.196538027510535,137277.9414836832
15.197732118279278,135596.2925072332
15.198925839619486,142556.35317034525
15.200119191779837,121381.39745066568
15.201312175008734,128068.45018170206
15.202504789554334,133865.17240866518
15.203697035664526,133933.69560846317
15.204888913586947,188155.13101853384
15.20608042356898,141354.98633892645
15.207271565857754,214039.56013110702
15.208462340700144,129070.34838073408
15.209652748342755,92244.66341861876
15.210842789031949,65509.48016527731
15.212032463013836,83540.53916588485
15.213221770534266,158647.26406114973
15.214410711838834,120113.95083361052
15.215599287172887,143848.0149634918
15.216787496781516,141732.54063742206
15.217975340909552,192002.54053513898
15.219162819801596,150929.95880150454
15.220349933701968,288457.0820537808
15.221536682854756,138717.55688257643
15.222723067503784,85709.91842625428
15.223909087892643,125593.86129403849
15.225094744264656,128590.05966371376
15.226280036862896,139244.30639594462
15.227464965930201,110628.49721750648
15.228649531709152,114042.52233821194
15.229833734442062,167702.3596800313
15.231017574371032,147006.81527144456
15.232201051737881,116545.76382280444
15.2333841667842,137468.03651188774
15.234566919751318,152138.70986700917
15.235749310880331,98007.11542990075
15.236931340412081,124205.01138571803
15.23811300858715,95093.94795583194
15.239294315645905,93997.87488355872
15.24047526182843,95297.65446635308
15.241655847374592,95464.49054870782
15.242836072524,126052.44576878296
15.244015937516012,137783.77544155048
15.245195442589758,66678.54481574606
15.246374587984105,127813.5481347592
15.247553373937695,73621.6117687167
15.248731800688908,168415.79163645502
15.249909868475893,92864.92305049844
15.251087577536543,112829.61587856972
15.252264928108529,62550.30095632686
15.253441920429259,171674.19217521278
15.25461855473591,98443.24328985171
15.255794831265414,120369.53956208257
15.256970750254458,96964.59870732078
15.258146311939498,201525.7915928058
15.259321516556739,106188.09120308024
15.260496364342146,117123.87731932517
15.261670855531458,62220.736263727085
15.262844990360145,108956.46466759525
15.264018769063474,131783.13155661803
15.265192191876443,161601.63347406383
15.26636525903383,136900.46210636967
15.267537970770166,102548.76141232956
15.268710327319742,78753.48474177832
15.269882328916612,151412.48613791264
15.271053975794606,147888.96148826298
15.272225268187292,135557.90202899466
15.273396206328025,127306.35714317116
15.274566790449907,160890.72417020783
15.275737020785813,155760.55438533472
15.27690689756838,156902.19303603738
15.278076421030006,153085.385487797
15.279245591402857,98226.27734464851
15.28041440891886,248968.28948215733
15.281582873809716,151915.39865567334
15.282750986306882,133482.41350030745
15.28391874664159,163928.33516439606
15.285086155044834,140611.69994690365
15.286253211747365,111195.05402999645
15.287419916979722,201709.4572070826
15.2885862709722,313188.444647771
15.289752273954845,186026.47074857113
15.290917926157508,151484.26763492695
15.292083227809776,133435.98668355687
15.293248179141015,138267.41098754
15.294412780380364,222341.88544706343
15.295577031756736,207361.36212874347
15.296740933498784,228025.49079115095
15.297904485834977,175656.53703456325
15.29906768899352,252736.9346427566
15.300230543202392,295990.5880584159
15.301393048689354,212032.8113029823
15.302555205681937,215800.6985899938
15.303717014407432,190753.22599272072
15.304878475092915,152030.7506516814
15.306039587965227,151056.1820797945
15.307200353250975,180444.1430919192
15.30836077117656,197140.78568669612
15.309520841968126,207432.542299618
15.310680565851618,235341.75653342038
15.311839943052732,151680.02687091928
15.312998973796963,166162.91041291849
15.31415765830955,125340.45567041542
15.315315996815535,210607.4412427925
15.316473989539716,201315.178040365
15.31763163670667,217001.74942003677
15.318788938540758,202197.4252577683
15.319945895266102,281629.9098212377
15.321102507106618,227413.70429761047
15.322258774285975,233096.40837653785
15.323414697027642,241526.39730789154
15.324570275554853,141645.19675600945
15.325725510090619,201234.93173576187
15.32688040085773,197753.24469251273
15.328034948078757,187715.50798304402
15.329189151976044,198059.48784879665
15.330343012771717,119810.66542150863
15.331496530687673,127197.49861389441
15.33264970594561,124367.20487770546
15.333802538766975,199648.59320574062
15.334955029373013,127054.5340316243
15.33610717798475,249757.65514493053
15.337258984822986,138420.95745756765
15.33841045010829,142002.53952006783
15.339561574061044,96788.47715154044
15.34071235690138,97286.5694518254
15.341862798849222,105441.11735314853
15.343012900124284,123360.62086412901
15.344162660946047,76977.86266598645
15.345312081533791,47582.50608208645
15.346461162106557,96540.32693116149
15.347609902883187,144622.8170124904
15.3487583040823,115535.82119834953
15.349906365922301,164142.79026987142
15.351054088621371,141000.92331865485
15.35220147239749,157149.16291967576
15.3533485174684,138113.21806377172
15.354495224051643,99189.13607791865
15.355641592364554,141956.23311323076
15.356787622624228,171258.07278812266
15.357933315047568,185310.1241137136
15.359078669851245,186251.87943379997
15.36022368725173,182180.92706321372
15.361368367465278,226244.059363977
15.362512710707925,93199.1519202612
15.3636567171955,137854.712323523
15.36480038714361,55045.36755718037
15.365943720767659,80886.25858612383
15.367086718282836,134859.85224234083
15.36822937990411,53399.859938774054
15.369371705846255,87596.78784005622
15.370513696323814,57551.07590213302
15.371655351551137,322000.89659215166
15.372796671742348,281658.8720396712
15.373937657111373,211412.8592527049
15.375078307871908,145448.03702224497
15.376218624237472,218052.2468622489
15.377358606421344,158776.7367348775
15.3784982546366,207648.0246313588
15.379637569096122,192985.17527641892
15.38077655001256,349625.3027178744
15.381915197598381,356514.55343155086
15.383053512065814,90045.53137190317
15.384191493626911,195870.34632215492
15.385329142493491,111162.68273898991
15.386466458877178,132509.82939618564
15.387603442989386,150429.37609945465
15.388740095041324,80301.06314465817
15.38987641524399,79785.26531575715
15.39101240380818,147007.5669212112
15.392148060944479,82909.63070230975
15.393283386863272,77307.80201182712
15.394418381774733,83821.40360117512
15.39555304588883,82215.12294726167
15.396687379415326,161963.39618570637
15.397821382563802,118750.45083963411
15.398955055543583,224068.83079593486
